213216,2704095,2885642,pv,1511690396
557508,1460333,2217187,pv,1511690396
157876,3528976,4022701,pv,1511690396
477639,4087315,285583,pv,1511690396
868843,1023445,2465336,pv,1511690396
465554,584954,869231,pv,1511690396
415615,1585213,570735,pv,1511690397
198704,2370982,3607361,pv,1511690397
607742,3305125,5148696,pv,1511690397
184280,3121899,4163659,pv,1511690397
573194,1791949,1320293,cart,1511690397
264944,4350516,2640118,pv,1511690397
413713,539324,965809,pv,1511690397
380191,1564466,4078249,buy,1511690397
684362,4890716,570735,pv,1511690397
558149,1967498,4801426,pv,1511690398
192359,170396,965809,pv,1511690398
959592,2775851,4718542,pv,1511690398
96411,585262,1029459,fav,1511690398
448315,1232880,2297500,pv,1511690398
939846,757796,4690421,pv,1511690398
897771,1221959,2920476,pv,1511690398
732782,1978178,672001,fav,1511690398
700835,3910585,3624696,pv,1511690398
226469,4309689,737184,pv,1511690398
61850,3647716,2736436,pv,1511690398
519802,3738413,4151801,pv,1511690398
598575,766244,4482016,pv,1511690398
834232,4380938,4690421,pv,1511690398
852512,848109,4643350,pv,1511690398
527332,207996,2419959,cart,1511690398
528386,2525052,2452793,pv,1511690398
875701,4035733,174239,buy,1511690399
787890,1993673,2732466,pv,1511690399
486462,4309120,3738615,pv,1511690399
286078,2971425,903809,pv,1511690399
551630,4502499,154040,pv,1511690399
662708,1177318,4756105,pv,1511690399
602478,523475,4145813,pv,1511690399
549022,466044,4756105,pv,1511690399
140958,4595862,886203,pv,1511690399
273098,4221836,2520377,pv,1511690399
640533,3168550,4719814,pv,1511690399
98258,1316769,3607361,pv,1511690399
941076,1217058,3002561,cart,1511690400
174167,2065878,982926,pv,1511690400
440822,2227817,4756105,pv,1511690400
342355,3445423,3645362,pv,1511690400
764323,4310064,4070504,pv,1511690400
60928,2052122,2920476,pv,1511690400
809090,4879589,4719814,pv,1511690400
521608,3715576,3002561,pv,1511690400
800421,2239419,772629,pv,1511690400
844668,1821690,1595193,pv,1511690400
238114,4782588,1299190,pv,1511690400
790854,953909,3002561,pv,1511690400
654062,2899195,3720767,pv,1511690400
687507,703558,1168596,pv,1511690400
